1,128,1,0,2,0,0,0,0,0,0,0,0,0,0,0,0,0,0,0,0,0,0,0,0,0,0,0,0,0,1,128,0,0,5,1,1,1024,1,0,1,0,0,0,0,0,1,128,1,1,3,2
1,128,1,0,2,1,0,0,0,0,0,0,0,0,0,0,0,0,0,0,0,0,0,0,0,0,0,0,0,0,1,128,0,0,5,1,1,1024,1,0,1,0,0,0,0,0,1,128,1,1,3,2
1,128,1,0,2,1,0,0,0,0,0,0,0,0,0,0,0,0,0,0,0,0,0,0,0,0,0,0,0,0,1,128,0,0,5,1,1,512,1,0,5,0,0,0,0,0,1,32,1,1,1,2
1,128,1,0,2,1,0,0,0,0,0,0,0,0,0,0,0,0,0,0,0,0,0,0,0,0,0,0,0,0,1,128,0,0,5,1,1,512,1,0,1,0,0,0,0,0,1,128,1,1,0,2
1,128,1,0,2,1,0,0,0,0,0,0,0,0,0,0,0,0,0,0,0,0,0,0,0,0,0,0,0,0,1,128,0,0,5,1,1,512,1,0,1,0,0,0,0,0,1,128,1,1,10,2
1,128,1,0,2,0,0,0,0,0,0,0,0,0,0,0,0,0,0,0,0,0,0,0,0,0,0,0,0,0,1,128,0,0,5,1,1,512,1,0,5,0,0,0,0,0,1,32,1,1,1,2
1,128,1,0,2,1,0,0,0,0,0,0,0,0,0,0,0,0,0,0,0,0,0,0,0,0,0,0,0,0,1,128,0,0,5,1,1,512,1,0,1,0,0,0,0,0,1,128,1,1,7,2
1,128,1,0,2,1,0,0,0,0,0,0,0,0,0,0,0,0,0,0,0,0,0,0,0,0,0,0,0,0,1,128,0,0,5,1,1,1024,1,0,1,0,0,0,0,0,1,128,1,1,3,2
1,128,1,0,2,0,0,0,0,0,0,0,0,0,0,0,0,0,0,0,0,0,0,0,0,0,0,0,0,0,1,128,0,0,5,1,1,512,1,0,1,0,0,0,0,0,1,128,1,1,3,2
1,128,1,0,2,1,0,0,0,0,0,0,0,0,0,0,0,0,0,0,0,0,0,0,0,0,0,0,0,0,1,128,0,0,5,1,1,1024,1,0,1,0,0,0,0,0,1,128,1,1,0,2
1,128,1,0,2,1,0,0,0,0,0,0,0,0,0,0,0,0,0,0,0,0,0,0,0,0,0,0,0,0,1,128,0,0,5,1,1,512,1,0,1,0,0,0,0,0,1,128,1,1,7,2
1,128,1,0,2,1,0,0,0,0,0,0,0,0,0,0,0,0,0,0,0,0,0,0,0,0,0,0,0,0,1,128,0,0,5,1,1,512,1,0,1,0,0,0,0,0,1,128,1,1,0,2
1,128,1,0,2,1,0,0,0,0,0,0,0,0,0,0,0,0,0,0,0,0,0,0,0,0,0,0,0,0,1,128,0,0,5,0,1,512,1,0,1,0,0,0,0,0,1,128,1,1,3,2
1,128,1,0,2,1,0,0,0,0,0,0,0,0,0,0,0,0,0,0,0,0,0,0,0,0,0,0,0,0,1,128,0,0,5,1,1,512,1,0,5,0,0,0,0,0,1,32,1,1,3,2
1,128,1,0,2,0,0,0,0,0,0,0,0,0,0,0,0,0,0,0,0,0,0,0,0,0,0,0,0,0,1,128,0,0,5,1,1,512,1,0,1,0,0,0,0,0,1,128,1,1,3,2
1,128,1,0,2,1,0,0,0,0,0,0,0,0,0,0,0,0,0,0,0,0,0,0,0,0,0,0,0,0,1,128,0,0,5,0,1,512,1,0,1,0,0,0,0,0,1,128,1,1,3,2
1,128,1,0,2,0,0,0,0,0,0,0,0,0,0,0,0,0,0,0,0,0,0,0,0,0,0,0,0,0,1,128,0,0,5,1,1,1024,1,0,5,0,0,0,0,0,1,128,1,1,3,2
1,128,1,0,2,0,0,0,0,0,0,0,0,0,0,0,0,0,0,0,0,0,0,0,0,0,0,0,0,0,1,128,0,0,5,1,1,512,1,0,9,0,0,0,0,0,1,128,1,1,0,2
1,128,1,0,2,1,0,0,0,0,0,0,0,0,0,0,0,0,0,0,0,0,0,0,0,0,0,0,0,0,1,128,0,0,5,1,1,512,1,0,1,0,0,0,0,0,1,128,1,1,3,2
1,128,1,0,2,0,0,0,0,0,0,0,0,0,0,0,0,0,0,0,0,0,0,0,0,0,0,0,0,0,1,128,0,0,5,1,1,512,1,0,5,0,0,0,0,0,1,256,1,1,3,2
1,128,1,0,2,0,0,0,0,0,0,0,0,0,0,0,0,0,0,0,0,0,0,0,0,0,0,0,0,0,1,128,0,0,9,1,1,512,1,0,1,0,0,0,0,0,1,128,0,1,3,2
1,64,1,0,2,0,0,0,0,0,0,0,0,0,0,0,0,0,0,0,0,0,0,0,0,0,0,0,0,0,1,128,0,0,5,1,1,512,1,0,1,0,0,0,0,0,1,128,1,1,0,2
1,128,1,0,2,0,0,0,0,0,0,0,0,0,0,0,0,0,0,0,0,0,0,0,0,0,0,0,0,0,1,128,0,0,5,1,1,512,1,0,1,0,0,0,0,0,1,128,1,1,3,2
1,128,1,0,2,1,0,0,0,0,0,0,0,0,0,0,0,0,0,0,0,0,0,0,0,0,0,0,0,0,1,128,0,0,5,1,1,512,1,1,1,0,0,0,0,0,1,128,1,1,3,2
1,128,1,0,2,1,0,0,0,0,0,0,0,0,0,0,0,0,0,0,0,0,0,0,0,0,0,0,0,0,1,128,0,0,5,1,1,512,1,0,1,0,0,0,0,0,1,128,1,1,3,2
1,128,1,0,2,0,0,0,0,0,0,0,0,0,0,0,0,0,0,0,0,0,0,0,0,0,0,0,0,0,1,128,0,0,9,1,1,256,1,0,1,0,0,0,0,0,1,128,0,1,3,2
1,128,1,0,2,0,0,0,0,0,0,0,0,0,0,0,0,0,0,0,0,0,0,0,0,0,0,0,0,0,1,128,0,0,5,1,1,512,1,0,5,0,0,0,0,0,1,256,1,1,1,2
1,128,1,0,2,1,0,0,0,0,0,0,0,0,0,0,0,0,0,0,0,0,0,0,0,0,0,0,0,0,1,128,0,0,5,0,1,512,1,0,1,0,0,0,0,0,1,128,1,1,3,2
1,128,1,0,2,1,0,0,0,0,0,0,0,0,0,0,0,0,0,0,0,0,0,0,0,0,0,0,0,0,1,128,0,0,5,0,1,512,1,0,1,0,0,0,0,0,1,128,1,1,0,2
1,64,1,0,2,0,0,0,0,0,0,0,0,0,0,0,0,0,0,0,0,0,0,0,0,0,0,0,0,0,1,128,0,0,5,1,1,1024,1,0,1,0,0,0,0,0,1,128,1,1,3,2
1,128,1,0,2,1,0,0,0,0,0,0,0,0,0,0,0,0,0,0,0,0,0,0,0,0,0,0,0,0,1,128,0,0,5,1,1,512,1,0,1,0,0,0,0,0,1,128,1,1,0,2
1,128,1,0,2,0,0,0,0,0,0,0,0,0,0,0,0,0,0,0,0,0,0,0,0,0,0,0,0,0,1,128,0,0,5,1,1,1024,1,0,1,0,0,0,0,0,1,128,1,1,3,2
1,128,1,0,2,0,0,0,0,0,0,0,0,0,0,0,0,0,0,0,0,0,0,0,0,0,0,0,0,0,1,128,0,0,5,1,1,512,1,0,1,0,0,0,0,0,1,128,1,1,3,2
1,128,1,0,4,1,0,0,0,0,0,0,0,0,0,0,0,0,0,0,0,0,0,0,0,0,0,0,0,0,1,128,0,0,5,1,1,512,1,0,5,0,0,0,0,0,1,32,1,1,1,2
1,128,1,0,2,1,0,0,0,0,0,0,0,0,0,0,0,0,0,0,0,0,0,0,0,0,0,0,0,0,1,128,0,0,5,1,1,512,1,0,1,0,0,0,0,0,1,128,1,1,10,2
1,128,1,0,2,1,0,0,0,0,0,0,0,0,0,0,0,0,0,0,0,0,0,0,0,0,0,0,0,0,1,128,0,0,5,1,1,1024,1,0,5,0,0,0,0,0,1,128,1,1,3,2
1,128,1,0,2,0,0,0,0,0,0,0,0,0,0,0,0,0,0,0,0,0,0,0,0,0,0,0,0,0,1,128,0,0,5,1,1,1024,1,0,1,0,0,0,0,0,1,128,1,1,3,2
1,128,1,0,2,0,0,0,0,0,0,0,0,0,0,0,0,0,0,0,0,0,0,0,0,0,0,0,0,0,1,128,0,0,5,1,1,1024,1,0,1,0,0,0,0,0,1,32,1,1,7,2
1,64,1,0,2,0,0,0,0,0,0,0,0,0,0,0,0,0,0,0,0,0,0,0,0,0,0,0,0,0,1,128,0,0,0,1,1,512,1,0,1,0,0,0,0,0,1,128,1,1,4,2
1,128,1,0,2,1,0,0,0,0,0,0,0,0,0,0,0,0,0,0,0,0,0,0,0,0,0,0,0,0,1,128,0,0,5,1,1,512,1,0,5,0,0,0,0,0,1,32,1,1,3,2
1,128,1,0,2,1,0,0,0,0,0,0,0,0,0,0,0,0,0,0,0,0,0,0,0,0,0,0,0,0,1,128,0,0,5,1,1,1024,1,0,1,0,0,0,0,0,1,32,1,1,1,2
1,128,1,0,2,1,0,0,0,0,0,0,0,0,0,0,0,0,0,0,0,0,0,0,0,0,0,0,0,0,1,128,0,0,5,1,1,512,1,0,1,0,0,0,0,0,1,128,1,1,3,2
1,128,1,0,2,0,0,0,0,0,0,0,0,0,0,0,0,0,0,0,0,0,0,0,0,0,0,0,0,0,1,128,0,0,5,1,1,1024,1,0,1,0,0,0,0,0,1,32,1,1,7,2
1,64,1,0,2,0,0,0,0,0,0,0,0,0,0,0,0,0,0,0,0,0,0,0,0,0,0,0,0,0,1,128,0,0,0,1,1,1024,1,0,1,0,0,0,0,0,1,128,1,1,3,2
1,128,1,0,2,0,0,0,0,0,0,0,0,0,0,0,0,0,0,0,0,0,0,0,0,0,0,0,0,0,1,128,0,0,8,1,1,1024,1,0,1,0,0,0,0,0,1,128,1,1,7,2
1,128,1,0,2,1,0,0,0,0,0,0,0,0,0,0,0,0,0,0,0,0,0,0,0,0,0,0,0,0,1,128,0,0,5,1,1,512,1,0,1,0,0,0,0,0,1,128,1,1,7,2
1,128,1,0,2,1,0,0,0,0,0,0,0,0,0,0,0,0,0,0,0,0,0,0,0,0,0,0,0,0,1,128,0,0,0,1,1,512,1,0,1,0,0,0,0,0,1,128,1,1,7,2
1,128,1,0,2,0,0,0,0,0,0,0,0,0,0,0,0,0,0,0,0,0,0,0,0,0,0,0,0,0,1,128,0,0,5,1,1,512,1,0,1,0,0,0,0,0,1,128,1,1,3,2
1,128,1,0,2,0,0,0,0,0,0,0,0,0,0,0,0,0,0,0,0,0,0,0,0,0,0,0,0,0,1,128,0,0,5,1,1,512,1,0,1,0,0,0,0,0,1,128,1,1,3,2
1,64,1,0,2,0,0,0,0,0,0,0,0,0,0,0,0,0,0,0,0,0,0,0,0,0,0,0,0,0,1,128,0,0,5,1,1,512,1,0,1,0,0,0,0,0,1,128,1,1,3,2
