1,128,1,0,2,0,0,0,0,0,0,0,0,0,0,0,0,0,0,0,0,0,0,0,0,0,0,0,0,0,1,128,0,0,5,1,1,1024,1,0,1,0,0,0,0,0,1,128,1,1,3,2,0.025136237228289247,0.99199999999999999
1,128,1,0,2,1,0,0,0,0,0,0,0,0,0,0,0,0,0,0,0,0,0,0,0,0,0,0,0,0,1,128,0,0,5,1,1,1024,1,0,1,0,0,0,0,0,1,128,1,1,3,2,0.024310479070805014,0.99239999999999995
1,128,1,0,2,1,0,0,0,0,0,0,0,0,0,0,0,0,0,0,0,0,0,0,0,0,0,0,0,0,1,128,0,0,5,1,1,512,1,0,5,0,0,0,0,0,1,32,1,1,1,2,0.046427316522598266,0.99219999999999997
1,128,1,0,2,1,0,0,0,0,0,0,0,0,0,0,0,0,0,0,0,0,0,0,0,0,0,0,0,0,1,128,0,0,5,1,1,512,1,0,1,0,0,0,0,0,1,128,1,1,0,2,0.023864468287862838,0.9929
1,128,1,0,2,1,0,0,0,0,0,0,0,0,0,0,0,0,0,0,0,0,0,0,0,0,0,0,0,0,1,128,0,0,5,1,1,512,1,0,1,0,0,0,0,0,1,128,1,1,10,2,0.0270384596131742,0.99180000000000001
1,128,1,0,2,0,0,0,0,0,0,0,0,0,0,0,0,0,0,0,0,0,0,0,0,0,0,0,0,0,1,128,0,0,5,1,1,512,1,0,5,0,0,0,0,0,1,32,1,1,1,2,0.045677114421129227,0.99329999999999996
1,128,1,0,2,1,0,0,0,0,0,0,0,0,0,0,0,0,0,0,0,0,0,0,0,0,0,0,0,0,1,128,0,0,5,1,1,512,1,0,1,0,0,0,0,0,1,128,1,1,7,2,0.024717152448929847,0.99229999999999996
1,128,1,0,2,1,0,0,0,0,0,0,0,0,0,0,0,0,0,0,0,0,0,0,0,0,0,0,0,0,1,128,0,0,5,1,1,1024,1,0,1,0,0,0,0,0,1,128,1,1,3,2,0.024157860034145415,0.99360000000000004
1,128,1,0,2,0,0,0,0,0,0,0,0,0,0,0,0,0,0,0,0,0,0,0,0,0,0,0,0,0,1,128,0,0,5,1,1,512,1,0,1,0,0,0,0,0,1,128,1,1,3,2,0.024982876648008825,0.99229999999999996
1,128,1,0,2,1,0,0,0,0,0,0,0,0,0,0,0,0,0,0,0,0,0,0,0,0,0,0,0,0,1,128,0,0,5,1,1,1024,1,0,1,0,0,0,0,0,1,128,1,1,0,2,0.023001917898096143,0.99350000000000005
1,128,1,0,2,1,0,0,0,0,0,0,0,0,0,0,0,0,0,0,0,0,0,0,0,0,0,0,0,0,1,128,0,0,5,1,1,512,1,0,1,0,0,0,0,0,1,128,1,1,7,2,0.024571102726459505,0.99280000000000002
1,128,1,0,2,1,0,0,0,0,0,0,0,0,0,0,0,0,0,0,0,0,0,0,0,0,0,0,0,0,1,128,0,0,5,1,1,512,1,0,1,0,0,0,0,0,1,128,1,1,0,2,0.026461864989623426,0.99280000000000002
1,128,1,0,2,1,0,0,0,0,0,0,0,0,0,0,0,0,0,0,0,0,0,0,0,0,0,0,0,0,1,128,0,0,5,0,1,512,1,0,1,0,0,0,0,0,1,128,1,1,3,2,0.023792904798313974,0.99229999999999996
1,128,1,0,2,1,0,0,0,0,0,0,0,0,0,0,0,0,0,0,0,0,0,0,0,0,0,0,0,0,1,128,0,0,5,1,1,512,1,0,5,0,0,0,0,0,1,32,1,1,3,2,0.047266642656922341,0.99170000000000003
1,128,1,0,2,0,0,0,0,0,0,0,0,0,0,0,0,0,0,0,0,0,0,0,0,0,0,0,0,0,1,128,0,0,5,1,1,512,1,0,1,0,0,0,0,0,1,128,1,1,3,2,0.02557762159463018,0.99280000000000002
1,128,1,0,2,1,0,0,0,0,0,0,0,0,0,0,0,0,0,0,0,0,0,0,0,0,0,0,0,0,1,128,0,0,5,0,1,512,1,0,1,0,0,0,0,0,1,128,1,1,3,2,0.023710565345734357,0.99299999999999999
1,128,1,0,2,0,0,0,0,0,0,0,0,0,0,0,0,0,0,0,0,0,0,0,0,0,0,0,0,0,1,128,0,0,5,1,1,1024,1,0,5,0,0,0,0,0,1,128,1,1,3,2,0.024658167566731573,0.99239999999999995
1,128,1,0,2,0,0,0,0,0,0,0,0,0,0,0,0,0,0,0,0,0,0,0,0,0,0,0,0,0,1,128,0,0,5,1,1,512,1,0,9,0,0,0,0,0,1,128,1,1,0,2,0.026250251486152412,0.99170000000000003
1,128,1,0,2,1,0,0,0,0,0,0,0,0,0,0,0,0,0,0,0,0,0,0,0,0,0,0,0,0,1,128,0,0,5,1,1,512,1,0,1,0,0,0,0,0,1,128,1,1,3,2,0.026867933790758251,0.99360000000000004
1,128,1,0,2,0,0,0,0,0,0,0,0,0,0,0,0,0,0,0,0,0,0,0,0,0,0,0,0,0,1,128,0,0,5,1,1,512,1,0,5,0,0,0,0,0,1,256,1,1,3,2,0.023056944331992419,0.99160000000000004
1,128,1,0,2,0,0,0,0,0,0,0,0,0,0,0,0,0,0,0,0,0,0,0,0,0,0,0,0,0,1,128,0,0,9,1,1,512,1,0,1,0,0,0,0,0,1,128,0,1,3,2,0.023900370315741746,0.99280000000000002
1,64,1,0,2,0,0,0,0,0,0,0,0,0,0,0,0,0,0,0,0,0,0,0,0,0,0,0,0,0,1,128,0,0,5,1,1,512,1,0,1,0,0,0,0,0,1,128,1,1,0,2,0.027765006933920085,0.99109999999999998
1,128,1,0,2,0,0,0,0,0,0,0,0,0,0,0,0,0,0,0,0,0,0,0,0,0,0,0,0,0,1,128,0,0,5,1,1,512,1,0,1,0,0,0,0,0,1,128,1,1,3,2,0.025808372010290622,0.9919
1,128,1,0,2,1,0,0,0,0,0,0,0,0,0,0,0,0,0,0,0,0,0,0,0,0,0,0,0,0,1,128,0,0,5,1,1,512,1,1,1,0,0,0,0,0,1,128,1,1,3,2,0.026501305968686939,0.99360000000000004
1,128,1,0,2,1,0,0,0,0,0,0,0,0,0,0,0,0,0,0,0,0,0,0,0,0,0,0,0,0,1,128,0,0,5,1,1,512,1,0,1,0,0,0,0,0,1,128,1,1,3,2,0.022692327659204602,0.99390000000000001
1,128,1,0,2,0,0,0,0,0,0,0,0,0,0,0,0,0,0,0,0,0,0,0,0,0,0,0,0,0,1,128,0,0,9,1,1,256,1,0,1,0,0,0,0,0,1,128,0,1,3,2,0.025329473127424718,0.99229999999999996
1,128,1,0,2,0,0,0,0,0,0,0,0,0,0,0,0,0,0,0,0,0,0,0,0,0,0,0,0,0,1,128,0,0,5,1,1,512,1,0,5,0,0,0,0,0,1,256,1,1,1,2,0.021877703541982919,0.99319999999999997
1,128,1,0,2,1,0,0,0,0,0,0,0,0,0,0,0,0,0,0,0,0,0,0,0,0,0,0,0,0,1,128,0,0,5,0,1,512,1,0,1,0,0,0,0,0,1,128,1,1,3,2,0.025125769182667138,0.99219999999999997
1,128,1,0,2,1,0,0,0,0,0,0,0,0,0,0,0,0,0,0,0,0,0,0,0,0,0,0,0,0,1,128,0,0,5,0,1,512,1,0,1,0,0,0,0,0,1,128,1,1,0,2,0.023858136956021191,0.99299999999999999
1,64,1,0,2,0,0,0,0,0,0,0,0,0,0,0,0,0,0,0,0,0,0,0,0,0,0,0,0,0,1,128,0,0,5,1,1,1024,1,0,1,0,0,0,0,0,1,128,1,1,3,2,0.025009886946901681,0.99219999999999997
1,128,1,0,2,1,0,0,0,0,0,0,0,0,0,0,0,0,0,0,0,0,0,0,0,0,0,0,0,0,1,128,0,0,5,1,1,512,1,0,1,0,0,0,0,0,1,128,1,1,0,2,0.028051751665398479,0.99199999999999999
1,128,1,0,2,0,0,0,0,0,0,0,0,0,0,0,0,0,0,0,0,0,0,0,0,0,0,0,0,0,1,128,0,0,5,1,1,1024,1,0,1,0,0,0,0,0,1,128,1,1,3,2,0.023694348428212105,0.99299999999999999
1,128,1,0,2,0,0,0,0,0,0,0,0,0,0,0,0,0,0,0,0,0,0,0,0,0,0,0,0,0,1,128,0,0,5,1,1,512,1,0,1,0,0,0,0,0,1,128,1,1,3,2,0.024758591602742672,0.99260000000000004
1,128,1,0,4,1,0,0,0,0,0,0,0,0,0,0,0,0,0,0,0,0,0,0,0,0,0,0,0,0,1,128,0,0,5,1,1,512,1,0,5,0,0,0,0,0,1,32,1,1,1,2,0.047637165287137032,0.99380000000000002
1,128,1,0,2,1,0,0,0,0,0,0,0,0,0,0,0,0,0,0,0,0,0,0,0,0,0,0,0,0,1,128,0,0,5,1,1,512,1,0,1,0,0,0,0,0,1,128,1,1,10,2,0.024618259093537927,0.99270000000000003
1,128,1,0,2,1,0,0,0,0,0,0,0,0,0,0,0,0,0,0,0,0,0,0,0,0,0,0,0,0,1,128,0,0,5,1,1,1024,1,0,5,0,0,0,0,0,1,128,1,1,3,2,0.029388316818699241,0.99109999999999998
1,128,1,0,2,0,0,0,0,0,0,0,0,0,0,0,0,0,0,0,0,0,0,0,0,0,0,0,0,0,1,128,0,0,5,1,1,1024,1,0,1,0,0,0,0,0,1,128,1,1,3,2,0.024560054574348032,0.99229999999999996
1,128,1,0,2,0,0,0,0,0,0,0,0,0,0,0,0,0,0,0,0,0,0,0,0,0,0,0,0,0,1,128,0,0,5,1,1,1024,1,0,1,0,0,0,0,0,1,32,1,1,7,2,0.03866976798027754,0.99329999999999996
1,64,1,0,2,0,0,0,0,0,0,0,0,0,0,0,0,0,0,0,0,0,0,0,0,0,0,0,0,0,1,128,0,0,0,1,1,512,1,0,1,0,0,0,0,0,1,128,1,1,4,2,0.028539382422622293,0.99060000000000004
1,128,1,0,2,1,0,0,0,0,0,0,0,0,0,0,0,0,0,0,0,0,0,0,0,0,0,0,0,0,1,128,0,0,5,1,1,512,1,0,5,0,0,0,0,0,1,32,1,1,3,2,0.045235662880539894,0.99239999999999995
1,128,1,0,2,1,0,0,0,0,0,0,0,0,0,0,0,0,0,0,0,0,0,0,0,0,0,0,0,0,1,128,0,0,5,1,1,1024,1,0,1,0,0,0,0,0,1,32,1,1,1,2,0.041482780821621421,0.99280000000000002
1,128,1,0,2,1,0,0,0,0,0,0,0,0,0,0,0,0,0,0,0,0,0,0,0,0,0,0,0,0,1,128,0,0,5,1,1,512,1,0,1,0,0,0,0,0,1,128,1,1,3,2,0.026081515065953135,0.99209999999999998
1,128,1,0,2,0,0,0,0,0,0,0,0,0,0,0,0,0,0,0,0,0,0,0,0,0,0,0,0,0,1,128,0,0,5,1,1,1024,1,0,1,0,0,0,0,0,1,32,1,1,7,2,0.038941482622921464,0.99380000000000002
1,64,1,0,2,0,0,0,0,0,0,0,0,0,0,0,0,0,0,0,0,0,0,0,0,0,0,0,0,0,1,128,0,0,0,1,1,1024,1,0,1,0,0,0,0,0,1,128,1,1,3,2,0.02480320428237319,0.9919
1,128,1,0,2,0,0,0,0,0,0,0,0,0,0,0,0,0,0,0,0,0,0,0,0,0,0,0,0,0,1,128,0,0,8,1,1,1024,1,0,1,0,0,0,0,0,1,128,1,1,7,2,0.022275686948373914,0.99339999999999995
1,128,1,0,2,1,0,0,0,0,0,0,0,0,0,0,0,0,0,0,0,0,0,0,0,0,0,0,0,0,1,128,0,0,5,1,1,512,1,0,1,0,0,0,0,0,1,128,1,1,7,2,0.025341544951125981,0.99219999999999997
1,128,1,0,2,1,0,0,0,0,0,0,0,0,0,0,0,0,0,0,0,0,0,0,0,0,0,0,0,0,1,128,0,0,0,1,1,512,1,0,1,0,0,0,0,0,1,128,1,1,7,2,0.024894318524934352,0.99329999999999996
1,128,1,0,2,0,0,0,0,0,0,0,0,0,0,0,0,0,0,0,0,0,0,0,0,0,0,0,0,0,1,128,0,0,5,1,1,512,1,0,1,0,0,0,0,0,1,128,1,1,3,2,0.024406605681404472,0.99239999999999995
1,128,1,0,2,0,0,0,0,0,0,0,0,0,0,0,0,0,0,0,0,0,0,0,0,0,0,0,0,0,1,128,0,0,5,1,1,512,1,0,1,0,0,0,0,0,1,128,1,1,3,2,0.022341917704045772,0.99309999999999998
1,64,1,0,2,0,0,0,0,0,0,0,0,0,0,0,0,0,0,0,0,0,0,0,0,0,0,0,0,0,1,128,0,0,5,1,1,512,1,0,1,0,0,0,0,0,1,128,1,1,3,2,0.025309406062029301,0.9919
1,128,1,0,2,0,0,0,0,0,0,0,0,0,0,0,0,0,0,0,0,0,0,0,0,0,0,0,0,0,1,128,0,0,5,1,1,512,1,1,1,0,0,0,0,0,1,128,1,1,3,2,0.028290683511644602,0.99270000000000003
1,128,1,0,2,0,0,0,0,0,0,0,0,0,0,0,0,0,0,0,0,0,0,0,0,0,0,0,0,0,1,128,0,0,9,1,1,256,1,0,1,0,0,0,0,0,1,128,0,1,3,2,0.024993720924202354,0.99170000000000003
1,128,1,0,2,1,0,0,0,0,0,0,0,0,0,0,0,0,0,0,0,0,0,0,0,0,0,0,0,0,1,128,0,0,5,1,1,1024,1,0,1,0,0,0,0,0,1,32,1,1,7,2,0.039347085469961164,0.99250000000000005
1,128,1,0,2,0,0,0,0,0,0,0,0,0,0,0,0,0,0,0,0,0,0,0,0,0,0,0,0,0,1,128,0,0,5,2,1,1024,1,0,1,0,0,0,0,0,1,128,1,1,3,2,0.025038413893617689,0.9919
1,128,1,0,2,0,0,0,0,0,0,0,0,0,0,0,0,0,0,0,0,0,0,0,0,0,0,0,0,0,1,128,0,0,5,1,1,1024,1,0,1,0,0,0,0,0,1,32,1,1,7,2,0.037360451962053773,0.9929
1,128,1,0,2,1,0,0,0,0,0,0,0,0,0,0,0,0,0,0,0,0,0,0,0,0,0,0,0,0,1,128,0,0,5,1,1,512,1,0,5,0,0,0,0,0,1,128,1,1,3,2,0.024984336058422922,0.9929
1,128,1,0,2,1,0,0,0,0,0,0,0,0,0,0,0,0,0,0,0,0,0,0,0,0,0,0,0,0,1,128,0,0,0,1,1,512,1,0,1,0,0,0,0,0,1,128,1,1,7,2,0.027074486394040285,0.99160000000000004
1,128,1,0,2,1,0,0,0,0,0,0,0,0,0,0,0,0,0,0,0,0,0,0,0,0,0,0,0,0,1,128,0,0,5,1,1,512,1,1,1,0,0,0,0,0,1,128,1,1,3,2,0.026480604526400567,0.99280000000000002
1,128,1,0,2,1,0,0,0,0,0,0,0,0,0,0,0,0,0,0,0,0,0,0,0,0,0,0,0,0,1,128,0,0,5,1,1,64,1,0,1,0,0,0,0,0,1,128,1,1,3,2,0.024910957726277411,0.9929
1,64,1,0,2,0,0,0,0,0,0,0,0,0,0,0,0,0,0,0,0,0,0,0,0,0,0,0,0,0,1,128,0,0,5,1,1,1024,1,0,1,0,0,0,0,0,1,32,1,1,6,2,0.037011799824237822,0.99260000000000004
1,128,1,0,2,1,0,0,0,0,0,0,0,0,0,0,0,0,0,0,0,0,0,0,0,0,0,0,0,0,1,128,0,0,5,1,1,512,1,0,9,0,0,0,0,0,1,128,1,1,3,2,0.025533210564963521,0.99219999999999997
1,128,1,0,2,1,0,0,0,0,0,0,0,0,0,0,0,0,0,0,0,0,0,0,0,0,0,0,0,0,1,128,0,0,5,1,1,512,1,0,1,0,0,0,0,0,1,128,1,0,3,2,0.025054666655452456,0.99129999999999996
1,128,1,0,2,1,0,0,0,0,0,0,0,0,0,0,0,0,0,0,0,0,0,0,0,0,0,0,0,0,1,128,0,0,5,1,1,512,1,0,1,0,0,0,0,0,1,128,1,1,3,2,0.025930334483645855,0.99199999999999999
1,128,1,0,2,1,0,0,0,0,0,0,0,0,0,0,0,0,0,0,0,0,0,0,0,0,0,0,0,0,1,128,0,0,5,1,1,512,1,0,1,0,0,0,0,0,1,32,1,1,7,2,0.041583700442314145,0.99309999999999998
1,128,1,0,2,1,0,0,0,0,0,0,0,0,0,0,0,0,0,0,0,0,0,0,0,0,0,0,0,0,1,128,0,0,5,1,1,1024,1,0,1,0,0,0,0,0,1,128,1,1,7,2,0.024407183018885552,0.99239999999999995
1,128,1,0,2,1,0,0,0,0,0,0,0,0,0,0,0,0,0,0,0,0,0,0,0,0,0,0,0,0,1,128,0,0,5,0,1,512,1,1,1,0,0,0,0,0,1,128,1,1,3,2,0.027682695182040334,0.99229999999999996
1,128,1,0,2,1,0,0,0,0,0,0,0,0,0,0,0,0,0,0,0,0,0,0,0,0,0,0,0,0,1,128,0,0,5,1,1,512,1,1,1,0,0,0,0,0,1,128,1,1,3,2,0.030475215819478034,0.99160000000000004
1,128,1,0,2,0,0,0,0,0,0,0,0,0,0,0,0,0,0,0,0,0,0,0,0,0,0,0,0,0,1,128,0,0,9,1,1,512,1,0,1,0,0,0,0,0,1,128,0,1,3,2,0.023031944508291782,0.99199999999999999
1,128,1,0,4,1,0,0,0,0,0,0,0,0,0,0,0,0,0,0,0,0,0,0,0,0,0,0,0,0,1,128,0,0,5,1,1,512,1,0,5,0,0,0,0,0,1,32,1,1,1,2,0.048794827869534492,0.99180000000000001
1,128,1,0,2,1,0,0,0,0,0,0,0,0,0,0,0,0,0,0,0,0,0,0,0,0,0,0,0,0,1,128,0,0,0,1,1,512,1,0,1,0,0,0,0,0,1,128,1,1,7,2,0.027183810949511826,0.99219999999999997
1,128,1,0,4,1,0,0,0,0,0,0,0,0,0,0,0,0,0,0,0,0,0,0,0,0,0,0,0,0,1,128,0,0,5,1,1,512,1,0,5,0,0,0,0,0,1,32,1,1,1,2,0.049122023689746858,0.99239999999999995
1,128,1,0,2,1,0,0,0,0,0,0,0,0,0,0,0,0,0,0,0,0,0,0,0,0,0,0,0,0,1,128,0,0,5,1,1,512,1,1,1,0,0,0,0,0,1,128,1,1,3,2,0.029219444942846895,0.99239999999999995
1,128,1,0,4,1,0,0,0,0,0,0,0,0,0,0,0,0,0,0,0,0,0,0,0,0,0,0,0,0,1,128,0,0,5,1,1,1024,1,0,1,0,0,0,0,0,1,128,1,1,3,2,0.025512881727144124,0.99260000000000004
1,128,1,0,2,1,0,0,0,0,0,0,0,0,0,0,0,0,0,0,0,0,0,0,0,0,0,0,0,0,1,128,0,0,5,1,1,512,1,0,1,0,0,0,0,0,1,128,1,1,3,2,0.024142340539395808,0.99339999999999995
1,128,1,0,2,1,0,0,0,0,0,0,0,0,0,0,0,0,0,0,0,0,0,0,0,0,0,0,0,0,1,128,0,0,5,1,1,512,1,0,5,0,0,0,0,0,1,32,1,1,1,2,0.047799399048089983,0.99250000000000005
1,128,1,0,2,0,0,0,0,0,0,0,0,0,0,0,0,0,0,0,0,0,0,0,0,0,0,0,0,0,1,128,0,0,5,1,1,512,1,0,5,0,0,0,0,0,1,256,1,1,1,2,0.024099935244861991,0.99270000000000003
1,128,1,0,4,1,0,0,0,0,0,0,0,0,0,0,0,0,0,0,0,0,0,0,0,0,0,0,0,0,1,128,0,0,5,1,1,512,1,1,1,0,0,0,0,0,1,128,1,1,3,2,0.032143005681037902,0.99260000000000004
1,128,1,0,2,0,0,0,0,0,0,0,0,0,0,0,0,0,0,0,0,0,0,0,0,0,0,0,0,0,1,128,0,0,5,1,1,512,1,0,5,0,0,0,0,0,1,128,1,1,3,2,0.025899022233486176,0.99199999999999999
1,128,1,0,2,0,0,0,0,0,0,0,0,0,0,0,0,0,0,0,0,0,0,0,0,0,0,0,0,0,1,128,0,0,5,1,1,1024,1,0,1,0,0,0,0,0,1,128,1,1,3,2,0.025133726896718143,0.99239999999999995
1,128,1,0,2,0,0,0,0,0,0,0,0,0,0,0,0,0,0,0,0,0,0,0,0,0,0,0,0,0,1,128,0,0,5,1,1,512,1,0,5,0,0,0,0,0,1,32,1,1,1,2,0.046507855412364005,0.99250000000000005
1,128,1,0,2,1,0,0,0,0,0,0,0,0,0,0,0,0,0,0,0,0,0,0,0,0,0,0,0,0,1,128,0,0,5,1,1,512,1,0,1,0,0,0,0,0,1,32,1,1,7,2,0.041742037490010264,0.99199999999999999
1,128,1,0,2,1,0,0,0,0,0,0,0,0,0,0,0,0,0,0,0,0,0,0,0,0,0,0,0,0,1,128,0,0,5,1,1,512,1,0,1,0,0,0,0,0,1,128,1,1,3,2,0.023714118119142948,0.99250000000000005
1,128,1,0,2,1,0,0,0,0,0,0,0,0,0,0,0,0,0,0,0,0,0,0,0,0,0,0,0,0,1,128,0,0,5,1,1,512,1,0,1,0,0,0,0,0,1,128,1,1,3,2,0.024846484658122062,0.99260000000000004
1,128,1,0,2,0,0,0,0,0,0,0,0,0,0,0,0,0,0,0,0,0,0,0,0,0,0,0,0,0,1,128,0,0,5,1,1,512,1,0,5,0,0,0,0,0,1,256,1,1,1,2,0.024706840371247381,0.99170000000000003
1,128,1,0,2,1,0,0,0,0,0,0,0,0,0,0,0,0,0,0,0,0,0,0,0,0,0,0,0,0,1,128,0,0,5,1,1,512,1,0,1,0,0,0,0,0,1,128,1,1,3,2,0.027909784629568456,0.99160000000000004
1,128,1,0,2,0,0,0,0,0,0,0,0,0,0,0,0,0,0,0,0,0,0,0,0,0,0,0,0,0,1,128,0,0,5,1,0,512,1,0,1,0,0,0,0,0,1,128,1,1,0,2,0.033926993507891891,0.99150000000000005
1,128,1,0,2,0,0,0,0,0,0,0,0,0,0,0,0,0,0,0,0,0,0,0,0,0,0,0,0,0,1,128,0,0,5,1,1,512,1,0,5,0,0,0,0,0,1,128,1,1,0,2,0.026288087807595732,0.99250000000000005
1,128,1,0,6,1,0,0,0,0,0,0,0,0,0,0,0,0,0,0,0,0,0,0,0,0,0,0,0,0,1,128,0,0,5,1,1,1024,1,0,1,0,0,0,0,0,1,32,1,1,7,2,0.045236517322063449,0.99250000000000005
1,128,1,0,2,0,0,0,0,0,0,0,0,0,0,0,0,0,0,0,0,0,0,0,0,0,0,0,0,0,1,128,0,0,5,1,1,1024,1,0,1,0,0,0,0,0,1,32,1,1,7,2,0.037676087071001528,0.99239999999999995
1,128,1,0,2,1,0,0,0,0,0,0,0,0,0,0,0,0,0,0,0,0,0,0,0,0,0,0,0,0,1,128,0,0,5,1,1,512,1,0,1,0,0,0,0,0,1,128,1,1,3,2,0.028203548690117895,0.99180000000000001
1,128,1,0,6,1,0,0,0,0,0,0,0,0,0,0,0,0,0,0,0,0,0,0,0,0,0,0,0,0,1,128,0,0,5,1,1,512,1,0,5,0,0,0,0,0,1,32,1,1,1,2,0.050323221933841707,0.99219999999999997
1,128,1,0,2,1,0,0,0,0,0,0,0,0,0,0,0,0,0,0,0,0,0,0,0,0,0,0,0,0,1,128,0,0,5,1,1,16,1,0,1,0,0,0,0,0,1,128,1,1,3,2,0.028382264954224228,0.99219999999999997
1,128,1,0,2,1,0,0,0,0,0,0,0,0,0,0,0,0,0,0,0,0,0,0,0,0,0,0,0,0,1,128,0,0,9,1,1,512,1,0,1,0,0,0,0,0,1,128,0,1,3,2,0.025884179447777569,0.99160000000000004
1,128,1,0,2,1,0,0,0,0,0,0,0,0,0,0,0,0,0,0,0,0,0,0,0,0,0,0,0,0,1,128,0,0,5,1,1,512,1,0,1,0,0,0,0,0,1,128,1,1,10,2,0.023926397354342044,0.99209999999999998
1,128,1,0,4,1,0,0,0,0,0,0,0,0,0,0,0,0,0,0,0,0,0,0,0,0,0,0,0,0,1,128,0,0,5,1,1,512,1,0,5,0,0,0,0,0,1,128,1,1,3,2,0.026521866318583488,0.99299999999999999
1,128,1,0,2,0,0,0,0,0,0,0,0,0,0,0,0,0,0,0,0,0,0,0,0,0,0,0,0,0,1,128,0,0,5,1,1,512,1,0,1,0,0,0,0,0,1,32,1,1,7,2,0.041335346530377862,0.99199999999999999
1,128,1,0,2,0,0,0,0,0,0,0,0,0,0,0,0,0,0,0,0,0,0,0,0,0,0,0,0,0,0,128,0,0,9,1,1,256,1,0,1,0,0,0,0,0,1,128,0,1,3,2,0.036151013620477172,0.98819999999999997
1,128,1,0,2,0,0,0,0,0,0,0,0,0,0,0,0,0,0,0,0,0,0,0,0,0,0,0,0,0,1,128,0,0,5,1,1,1024,1,0,1,0,0,0,0,0,1,128,1,1,3,2,0.024900676255859434,0.99219999999999997
1,128,1,0,2,1,0,0,0,0,0,0,0,0,0,0,0,0,0,0,0,0,0,0,0,0,0,0,0,0,1,128,0,0,5,1,1,1024,1,0,1,0,0,0,0,0,1,128,1,1,3,2,0.024250433617085218,0.99239999999999995
1,128,1,0,2,1,0,0,0,0,0,0,0,0,0,0,0,0,0,0,0,0,0,0,0,0,0,0,0,0,1,128,0,0,5,1,1,512,1,0,5,0,0,0,0,0,1,32,0,1,1,2,0.034177964908629656,0.99160000000000004
1,128,1,0,4,1,0,0,0,0,0,0,0,0,0,0,0,0,0,0,0,0,0,0,0,0,0,0,0,0,1,128,0,0,5,1,1,512,1,0,5,0,0,0,0,0,1,32,1,1,1,2,0.0485371678262949,0.99280000000000002
1,8,1,0,2,1,0,0,0,0,0,0,0,0,0,0,0,0,0,0,0,0,0,0,0,0,0,0,0,0,1,128,0,0,5,1,1,512,1,0,1,0,0,0,0,0,1,128,1,1,3,2,0.041738384846225378,0.98709999999999998
1,64,1,0,2,0,0,0,0,0,0,0,0,0,0,0,0,0,0,0,0,0,0,0,0,0,0,0,0,0,1,128,1,0,5,1,1,1024,1,0,1,0,0,0,0,0,1,128,1,1,3,2,0.027671747395023705,0.99199999999999999
1,128,0,0,2,1,0,0,0,0,0,0,0,0,0,0,0,0,0,0,0,0,0,0,0,0,0,0,0,0,1,128,0,0,5,1,1,512,1,0,1,0,0,0,0,0,1,128,1,1,3,2,0.025514827946200965,0.99329999999999996
1,128,1,0,2,0,0,0,0,0,0,0,0,0,0,0,0,0,0,0,0,0,0,0,0,0,0,0,0,0,1,128,0,0,9,1,1,512,1,0,9,0,0,0,0,0,1,128,1,1,3,2,0.025174712163209916,0.99339999999999995
1,128,1,0,2,0,0,0,0,0,0,0,0,0,0,0,0,0,0,0,0,0,0,0,0,0,0,0,0,0,1,128,0,0,5,1,1,512,1,1,1,0,0,0,0,0,1,128,1,1,3,2,0.026628784651309252,0.99280000000000002
1,128,1,0,2,1,0,0,0,0,0,0,0,0,0,0,0,0,0,0,0,0,0,0,0,0,0,0,0,0,1,128,0,0,9,1,1,512,1,0,1,0,0,0,0,0,1,128,0,1,3,2,0.025065859158057719,0.99280000000000002
1,128,1,0,2,1,0,0,0,0,0,0,0,0,0,0,0,0,0,0,0,0,0,0,0,0,0,0,0,0,1,128,0,0,5,1,1,512,1,0,1,0,0,0,0,0,1,128,1,1,3,2,0.025291563492640851,0.9929
1,128,1,0,2,0,0,0,0,0,0,0,0,0,0,0,0,0,0,0,0,0,0,0,0,0,0,0,0,0,1,128,0,0,5,1,1,1024,1,0,1,0,0,0,0,0,1,512,1,1,7,2,0.024807453205157072,0.99150000000000005
1,128,1,0,4,1,0,0,0,0,0,0,0,0,0,0,0,0,0,0,0,0,0,0,0,0,0,0,0,0,1,128,0,1,5,1,1,512,1,1,1,0,0,0,0,0,1,128,1,1,3,2,0.030771306575462221,0.99129999999999996
1,128,1,0,4,1,0,0,0,0,0,0,0,0,0,0,0,0,0,0,0,0,0,0,0,0,0,0,0,0,1,128,0,0,5,1,1,512,1,1,1,0,0,0,0,0,1,32,1,1,7,2,0.067246892738342279,0.99150000000000005
1,128,1,0,2,1,0,0,0,0,0,0,0,0,0,0,0,0,0,0,0,0,0,0,0,0,0,0,0,0,1,128,0,0,5,1,1,512,1,0,5,0,0,0,0,0,1,128,1,1,3,2,0.02789557510409504,0.9919
1,128,1,0,2,1,0,0,0,0,0,0,0,0,0,0,0,0,0,0,0,0,0,0,0,0,0,0,0,0,1,128,0,0,5,1,1,512,1,0,1,0,0,0,0,0,1,128,1,1,3,2,0.024529140415415169,0.99180000000000001
1,128,1,0,2,1,0,0,0,0,0,0,0,0,0,0,0,0,0,0,0,0,0,0,0,0,0,0,0,0,1,128,0,0,5,1,1,512,1,1,1,0,0,0,0,0,1,128,1,1,3,2,0.028882803831622006,0.99239999999999995
1,128,1,0,2,0,0,0,0,0,0,0,0,0,0,0,0,0,0,0,0,0,0,0,0,0,0,0,0,0,1,128,0,0,5,1,1,1024,1,0,1,0,0,0,0,0,1,32,1,1,7,2,0.037095082828402522,0.99329999999999996
1,128,1,0,2,1,0,0,0,0,0,0,0,0,0,0,0,0,0,0,0,0,0,0,0,0,0,0,0,0,1,128,0,0,5,1,1,512,1,0,5,0,0,0,0,0,1,128,1,1,3,2,0.0248126875044778,0.99319999999999997
1,128,1,0,2,1,0,0,0,0,0,0,0,0,0,0,0,0,0,0,0,0,0,0,0,0,0,0,0,0,1,128,0,0,5,1,1,64,1,0,1,0,0,0,0,0,1,128,1,1,3,2,0.028088378335162999,0.99239999999999995
1,128,1,0,2,1,0,0,0,0,0,0,0,0,0,0,0,0,0,0,0,0,0,0,0,0,0,0,0,0,1,128,0,0,5,1,1,512,1,0,1,0,0,0,0,0,1,128,1,1,2,2,0.027257866634055973,0.99229999999999996
1,128,1,0,2,1,0,0,0,0,0,0,0,0,0,0,0,0,0,0,0,0,0,0,0,0,0,0,0,0,1,16,0,0,5,1,1,512,1,0,5,0,0,0,0,0,1,128,1,1,3,2,0.036045802210643886,0.99039999999999995
1,128,1,0,2,1,0,0,0,0,0,0,0,0,0,0,0,0,0,0,0,0,0,0,0,0,0,0,0,0,1,128,0,0,5,1,1,16,1,0,1,0,0,0,0,0,1,128,1,1,3,2,0.031049766587466002,0.9919
1,128,1,0,2,0,0,0,0,0,0,0,0,0,0,0,0,0,0,0,0,0,0,0,0,0,0,0,0,0,1,128,0,0,5,2,1,1024,1,0,1,0,0,0,0,0,1,128,1,1,3,2,0.023688678483851255,0.99309999999999998
1,128,1,0,2,1,0,0,0,0,0,0,0,0,0,0,0,0,0,0,0,0,0,0,0,0,0,0,0,0,1,128,0,0,5,1,1,512,1,0,5,0,0,0,0,0,1,128,1,1,3,2,0.024881266339495778,0.99319999999999997
1,128,1,0,2,0,0,0,0,0,0,0,0,0,0,0,0,0,0,0,0,0,0,0,0,0,0,0,0,0,1,128,0,0,5,1,1,1024,1,0,1,0,0,0,0,0,1,32,1,1,7,2,0.039049729543924334,0.9919
1,128,1,0,2,1,0,0,0,0,0,0,0,0,0,0,0,0,0,0,0,0,0,0,0,0,0,0,0,0,1,128,0,0,5,1,0,512,1,0,1,0,0,0,0,0,1,32,1,1,7,2,0.080757553476095201,0.98980000000000001
1,128,1,0,2,0,0,0,0,0,0,0,0,0,0,0,0,0,0,0,0,0,0,0,0,0,0,0,0,0,1,128,0,0,5,1,1,1024,1,0,1,0,0,0,0,0,1,128,1,1,3,2,0.025579188344441353,0.99180000000000001
1,128,1,0,2,0,0,0,0,0,0,0,0,0,0,0,0,0,0,0,0,0,0,0,0,0,0,0,0,0,1,128,0,1,9,1,1,512,1,0,1,0,0,0,0,0,1,512,1,1,3,2,0.04236316709257662,0.98729999999999996
1,128,1,0,2,1,0,0,0,0,0,0,0,0,0,0,0,0,0,0,0,0,0,0,0,0,0,0,0,0,1,128,0,0,5,1,1,512,1,0,1,0,0,0,0,0,1,32,1,1,7,2,0.041063210302591323,0.99299999999999999
